count layer hidden,count neuron,epoc,count data,percentage validation,percentage error training,percentage error validation
1,5,0,100,10.0,16.450443186071208,10.315809568746312
1,5,1,100,10.0,10.418800898595864,8.456201353399992
1,5,2,100,10.0,7.997782260196426,5.96025488596371
1,5,3,100,10.0,5.545179647386288,4.038484792303927
1,5,4,100,10.0,3.3367577979089873,2.3403620232470645
1,5,5,100,10.0,1.7202751361925284,1.4331948394582916
1,5,6,100,10.0,0.9581129792931754,1.0579225967174815
1,5,7,100,10.0,0.6183584094342837,0.8676196677401681
1,5,8,100,10.0,0.44376033468157966,0.7469159410421443
1,5,9,100,10.0,0.3409383531474637,0.660799451696452
1,5,10,100,10.0,0.27408849226165105,0.5958140549885191
1,5,11,100,10.0,0.22750582186828816,0.5451150671126751
1,5,12,100,10.0,0.19338217072094743,0.5045709815063429
1,5,13,100,10.0,0.16742854584871433,0.4714786729776866
1,5,14,100,10.0,0.14710208165022395,0.44399235961049
1,5,15,100,10.0,0.13080357974377343,0.42081418549802996
1,5,16,100,10.0,0.11747932923592594,0.4010094438858463
1,5,17,100,10.0,0.10640833371134745,0.38389064979105014
1,5,18,100,10.0,0.09708159975255973,0.368942491121747
1,5,19,100,10.0,0.08913021217935488,0.35577203478710506
1,5,20,100,10.0,0.08228069106279462,0.3440749706552269
1,5,21,100,10.0,0.07632630701555325,0.3336122738340544
1,5,22,100,10.0,0.07110809466035009,0.32419377401590793
1,5,23,100,10.0,0.0665019567828493,0.3156663911676661
1,5,24,100,10.0,0.062409704556108885,0.3079055797593652
1,5,25,100,10.0,0.058752706201726686,0.30080901577704433
1,5,26,100,10.0,0.055467303249817,0.29429187575070553
1,5,27,100,10.0,0.0525014487234904,0.2882832621941926
1,5,28,100,10.0,0.049812205315905154,0.2827234657049386
1,5,29,100,10.0,0.04736385873772873,0.2775618453376198
1,5,0,100,20.0,0.04791402986334508,0.03662523117907594
1,5,1,100,20.0,0.046118869698688385,0.0355368465995895
1,5,2,100,20.0,0.0444388313575151,0.034508438449934405
1,5,3,100,20.0,0.04286460653606541,0.0335362145228649
1,5,4,100,20.0,0.04138756765062147,0.03261646350918966
1,5,5,100,20.0,0.03999975253993513,0.03174561066553837
1,5,6,100,20.0,0.03869387688358287,0.030920266085816474
1,5,7,100,20.0,0.037463318832986967,0.03013725218475059
1,5,8,100,20.0,0.03630208033859161,0.029393613971086592
1,5,9,100,20.0,0.035204736650580354,0.028686617791345164
1,5,10,100,20.0,0.03416638232019978,0.028013743102517266
1,5,11,100,20.0,0.03318257844680269,0.027372670409031075
1,5,12,100,20.0,0.03224930349662261,0.026761267387923646
1,5,13,100,20.0,0.031362908615231014,0.02617757445981916
1,5,14,100,20.0,0.030520077604734925,0.025619790559947463
1,5,15,100,20.0,0.02971779136433781,0.025086259540463902
1,5,16,100,20.0,0.028953296428406942,0.024575457431209813
1,5,17,100,20.0,0.028224077181604842,0.02408598065891296
1,5,18,100,20.0,0.027527831331607935,0.023616535247144594
1,5,19,100,20.0,0.02686244824702843,0.023165926973292582
1,5,20,100,20.0,0.026225989805778904,0.02273305243286609
1,5,21,100,20.0,0.02561667343923012,0.02231689094819599
1,5,22,100,20.0,0.02503285709616989,0.021916497253256395
1,5,23,100,20.0,0.02447302588600528,0.021530994885824425
1,5,24,100,20.0,0.023935780192247784,0.021159570220532494
1,5,25,100,20.0,0.023419825075056966,0.020801467080287208
1,5,26,100,20.0,0.022923960805723703,0.02045598186822482
1,5,27,100,20.0,0.022447074396816938,0.02012245916733951
1,5,28,100,20.0,0.02198813200968677,0.019800287759859772
1,5,29,100,20.0,0.02154617213647928,0.0194888970231697
1,5,0,100,30.0,0.018072818584115816,0.026017675367835506
1,5,1,100,30.0,0.01740740562327647,0.026434903364253737
1,5,2,100,30.0,0.01686216199681608,0.026800770657820997
1,5,3,100,30.0,0.016403763512788296,0.027117748296946714
1,5,4,100,30.0,0.016009709084784027,0.027389148903912378
1,5,5,100,30.0,0.015664369675774784,0.02761865936191521
1,5,6,100,30.0,0.015356634313929302,0.02781005899618316
1,5,7,100,30.0,0.015078447981711467,0.02796704924112622
1,5,8,100,30.0,0.014823871704561611,0.028093153091591567
1,5,9,100,30.0,0.014588460806890616,0.028191659386044336
1,5,10,100,30.0,0.014368843660606255,0.028265596244016564
1,5,11,100,30.0,0.01416243043881932,0.02831772343812998
1,5,12,100,30.0,0.013967208247975418,0.02835053687023041
1,5,13,100,30.0,0.013781594860197215,0.02836628052086301
1,5,14,100,30.0,0.01360433291892026,0.028366962717657998
1,5,15,100,30.0,0.013434412534266395,0.02835437458224958
1,5,16,100,30.0,0.013271014062764066,0.028330109221678956
1,5,17,100,30.0,0.013113465409028024,0.028295580725346704
1,5,18,100,30.0,0.012961209886451892,0.02825204237563364
1,5,19,100,30.0,0.012813781828759543,0.028200603722224327
1,5,20,100,30.0,0.012670787940559109,0.0281422463369624
1,5,21,100,30.0,0.012531892931294038,0.028077838179101332
1,5,22,100,30.0,0.012396808370046395,0.028008146575511234
1,5,23,100,30.0,0.012265283979255913,0.027933849867911406
1,5,24,100,30.0,0.0121371007876023,0.027855547807629593
1,5,25,100,30.0,0.012012065709204425,0.027773770793600154
1,5,26,100,30.0,0.011890007223844411,0.0276889880555445
1,5,27,100,30.0,0.011770771912235564,0.027601614884557212
1,5,28,100,30.0,0.011654221659217024,0.027512019009798657
1,5,29,100,30.0,0.011540231381722093,0.027420526214190537
1,5,0,500,10.0,0.10477274328916325,0.1772063140766329
1,5,1,500,10.0,0.07635034262644481,0.15558571829859838
1,5,2,500,10.0,0.06013940379155967,0.1427261070121722
1,5,3,500,10.0,0.04946323480894082,0.1340092470955799
1,5,4,500,10.0,0.041920974508629534,0.12744900277093696
1,5,5,500,10.0,0.03630971309638984,0.12216974939001703
1,5,6,500,10.0,0.03197156320865012,0.1177478638847038
1,5,7,500,10.0,0.028517936519198706,0.11395255086826511
1,5,8,500,10.0,0.025704470482660235,0.11064266069158755
1,5,9,500,10.0,0.023369570142645794,0.10772322523018858
1,5,10,500,10.0,0.02140194150381047,0.10512568594905126
1,5,11,500,10.0,0.019722342319797925,0.10279807235794311
1,5,12,500,10.0,0.018272772473426364,0.10069965453741618
1,5,13,500,10.0,0.017009781509083322,0.0987977657905686
1,5,14,500,10.0,0.015900166762278675,0.09706576546751401
1,5,15,500,10.0,0.014918118049899572,0.0954816501530213
1,5,16,500,10.0,0.014043269410320169,0.09402706142043005
1,5,17,500,10.0,0.01325933745317109,0.09268655179077566
1,5,18,500,10.0,0.012553149467734968,0.09144702753111787
1,5,19,500,10.0,0.011913936722368337,0.09029731742294285
1,5,20,500,10.0,0.011332812035028977,0.08922783399607488
1,5,21,500,10.0,0.01080237780978901,0.08823030420426896
1,5,22,500,10.0,0.010316428010628867,0.08729755318154218
1,5,23,500,10.0,0.009869718804565893,0.08642332914492652
1,5,24,500,10.0,0.009457790097723113,0.08560216055855607
1,5,25,500,10.0,0.00907682526510722,0.08482923883613837
1,5,26,500,10.0,0.008723539874187058,0.08410032142782191
1,5,27,500,10.0,0.008395092651551583,0.08341165129710665
1,5,28,500,10.0,0.008089013680442339,0.08275988966345926
1,5,29,500,10.0,0.007803146067104025,0.08214205954700023
1,5,0,500,20.0,0.007422644782184485,0.00788344153059987
1,5,1,500,20.0,0.007180322585373556,0.007875436732530647
1,5,2,500,20.0,0.006967106444876599,0.007841459187381198
1,5,3,500,20.0,0.006772357614700619,0.007789436971218478
1,5,4,500,20.0,0.006591082406230183,0.007725330578340745
1,5,5,500,20.0,0.006420665477164916,0.007653399774669598
1,5,6,500,20.0,0.006259556143788729,0.0075766195686170585
1,5,7,500,20.0,0.006106712835356313,0.00749704559342423
1,5,8,500,20.0,0.005961358124182196,0.007416091280242694
1,5,9,500,20.0,0.005822865927851916,0.007334726016147576
1,5,10,500,20.0,0.005690706782155401,0.007253613041587953
1,5,11,500,20.0,0.0055644194431830555,0.007173204278996405
1,5,12,500,20.0,0.005443594863111616,0.0070938052910610675
1,5,13,500,20.0,0.005327866249664009,0.007015619807818694
1,5,14,500,20.0,0.005216902297561455,0.006938780352775366
1,5,15,500,20.0,0.005110402200551321,0.00686336941472374
1,5,16,500,20.0,0.005008091751428495,0.0067894341729175705
1,5,17,500,20.0,0.0049097201664631,0.006716996806940069
1,5,18,500,20.0,0.004815057430117937,0.006646061765527145
1,5,19,500,20.0,0.004723892036215719,0.006576620927494326
1,5,20,500,20.0,0.00463602904417754,0.006508657291528508
1,5,21,500,20.0,0.004551288392860587,0.006442147631870427
1,5,22,500,20.0,0.004469503428992172,0.006377064421731243
1,5,23,500,20.0,0.004390519616638657,0.006313377234315318
1,5,24,500,20.0,0.004314193400745992,0.006251053768386912
1,5,25,500,20.0,0.004240391202664326,0.006190060601990103
1,5,26,500,20.0,0.004168988529325795,0.006130363747903652
1,5,27,500,20.0,0.004099869180722942,0.006071929063471868
1,5,28,500,20.0,0.004032924542743503,0.006014722552744174
1,5,29,500,20.0,0.003968052954389767,0.005958710588459144
1,5,0,500,30.0,0.0025048146642265294,0.007200852455587616
1,5,1,500,30.0,0.0024661595894698908,0.007169328431191307
1,5,2,500,30.0,0.0024300453485400753,0.0071406740714431306
1,5,3,500,30.0,0.0023960419151613957,0.007114283991853514
1,5,4,500,30.0,0.002363825498422957,0.007089710071628045
1,5,5,500,30.0,0.0023331480319704525,0.007066616863337174
1,5,6,500,30.0,0.0023038161996648166,0.0070447504043861745
1,5,7,500,30.0,0.0022756768162117496,0.007023916181764876
1,5,8,500,30.0,0.0022486065072268723,0.007003963423875029
1,5,9,500,30.0,0.0022225043374500676,0.006984773811718962
1,5,10,500,30.0,0.00219728648519897,0.006966253305388754
1,5,11,500,30.0,0.0021728823529410268,0.006948326184610767
1,5,12,500,30.0,0.002149231696256327,0.006930930674463528
1,5,13,500,30.0,0.0021262824820520248,0.006914015713679618
1,5,14,500,30.0,0.002103989273882282,0.00689753855166167
1,5,15,500,30.0,0.0020823120017282224,0.006881462950084336
1,5,16,500,30.0,0.0020612150146952966,0.00686575782802523
1,5,17,500,30.0,0.0020406663437418236,0.006850396234216754
1,5,18,500,30.0,0.0020206371217013418,0.006835354561826994
1,5,19,500,30.0,0.0020011011221426423,0.006820611943984937
1,5,20,500,30.0,0.00198203438881043,0.006806149784706313
1,5,21,500,30.0,0.0019634149347268607,0.0067919513917897335
1,5,22,500,30.0,0.0019452224953491453,0.006778001686924647
1,5,23,500,30.0,0.0019274383240557524,0.006764286974597343
1,5,24,500,30.0,0.0019100450210802246,0.006750794756038931
1,5,25,500,30.0,0.001893026389116314,0.006737513577896512
1,5,26,500,30.0,0.0018763673103838238,0.00672443290785239
1,5,27,500,30.0,0.0018600536411174252,0.006711543031307796
1,5,28,500,30.0,0.0018440721203248098,0.0066988349646573955
1,5,29,500,30.0,0.0018284102903318232,0.006686300381738776
1,5,0,1000,10.0,0.050495783739947855,0.01927025163883733
1,5,1,1000,10.0,0.03606644235944572,0.019373377662041842
1,5,2,1000,10.0,0.026255907860498237,0.019212188785519353
1,5,3,1000,10.0,0.020392093952183905,0.018795186568659705
1,5,4,1000,10.0,0.01679284025753815,0.01826454269130294
1,5,5,1000,10.0,0.0143780236026878,0.017708279174094815
1,5,6,1000,10.0,0.012634985172708916,0.01716514238047477
1,5,7,1000,10.0,0.011309112881062513,0.016649853097533238
1,5,8,1000,10.0,0.010260742914148108,0.016166704740269194
1,5,9,1000,10.0,0.009406868064919699,0.015715646224525964
1,5,10,1000,10.0,0.008695050460216116,0.0152949136547091
1,5,11,1000,10.0,0.008090523004267025,0.01490216653277666
1,5,12,1000,10.0,0.007569299487294438,0.014534975574637824
1,5,13,1000,10.0,0.007114267732278002,0.014191025236905559
1,5,14,1000,10.0,0.006712864913314377,0.01386818909488439
1,5,15,1000,10.0,0.006355637356660369,0.013564548510114266
1,5,16,1000,10.0,0.006035316785905652,0.013278386619818776
1,5,17,1000,10.0,0.00574620952369229,0.013008172420003178
1,5,18,1000,10.0,0.005483781584250915,0.012752541766375634
1,5,19,1000,10.0,0.005244369952076103,0.012510278385008289
1,5,20,1000,10.0,0.005024977263414473,0.012280296209801048
1,5,21,1000,10.0,0.004823122908686628,0.01206162351830387
1,5,22,1000,10.0,0.004636733117193952,0.011853388940954173
1,5,23,1000,10.0,0.004464058499199002,0.011654809241602317
1,5,24,1000,10.0,0.004303611271740121,0.011465178697307976
1,5,25,1000,10.0,0.0041541168255371545,0.011283859887319845
1,5,26,1000,10.0,0.004014475897052396,0.011110275707172034
1,5,27,1000,10.0,0.0038837346911780764,0.010943902440055032
1,5,28,1000,10.0,0.0037610610402502736,0.010784263737172027
1,5,29,1000,10.0,0.003645725199788752,0.010630925378365868
1,5,0,1000,20.0,0.0030957866833417405,0.004780190597794984
1,5,1,1000,20.0,0.0029857157776342455,0.004864041449331225
1,5,2,1000,20.0,0.0028980518947142246,0.004922457434899297
1,5,3,1000,20.0,0.0028209882209100693,0.00496105585785642
1,5,4,1000,20.0,0.002750309406395642,0.004985448098867616
1,5,5,1000,20.0,0.002684220773087213,0.004999900000206836
1,5,6,1000,20.0,0.002621821751010304,0.005007431191111256
1,5,7,1000,20.0,0.0025625877474689403,0.005010138235885645
1,5,8,1000,20.0,0.002506170904163645,0.005009475296436102
1,5,9,1000,20.0,0.0024523150892275985,0.005006456801807598
1,5,10,1000,20.0,0.0024008164964423604,0.005001796050201982
1,5,11,1000,20.0,0.002351504094198494,0.004995998658514212
1,5,12,1000,20.0,0.0023042292998973445,0.004989425659059305
1,5,13,1000,20.0,0.0022588601667415864,0.004982336436564182
1,5,14,1000,20.0,0.002215277876243562,0.004974918244660102
1,5,15,1000,20.0,0.002173374460268802,0.004967306713100407
1,5,16,1000,20.0,0.0021330512099848103,0.004959600241999861
1,5,17,1000,20.0,0.002094217489599832,0.004951870201605665
1,5,18,1000,20.0,0.002056789803472083,0.0049441682226208815
1,5,19,1000,20.0,0.002020691032325705,0.004936531447892739
1,5,20,1000,20.0,0.001985849789633213,0.004928986342318605
1,5,21,1000,20.0,0.0019521998682860884,0.004921551474427935
1,5,22,1000,20.0,0.0019196797582674483,0.004914239558878334
1,5,23,1000,20.0,0.0018882322221402046,0.00490705896402547
1,5,24,1000,20.0,0.0018578039188250682,0.004900014829846548
1,5,25,1000,20.0,0.0018283450684503052,0.004893109900376758
1,5,26,1000,20.0,0.001799809152585957,0.004886345145844604
1,5,27,1000,20.0,0.0017721526452452326,0.004879720229114149
1,5,28,1000,20.0,0.001745334770820879,0.004873233856334446
1,5,29,1000,20.0,0.0017193172857242489,0.004866884041100516
1,5,0,1000,30.0,0.001647025840929209,0.002596165558168503
1,5,1,1000,30.0,0.0016267450030766906,0.002582025713648709
1,5,2,1000,30.0,0.001607320073564411,0.002569056227107045
1,5,3,1000,30.0,0.0015886193120845495,0.002557086114999889
1,5,4,1000,30.0,0.0015705448282934901,0.002545975287733501
1,5,5,1000,30.0,0.0015530227550097984,0.002535607994487537
1,5,6,1000,30.0,0.0015359964355372417,0.0025258878670814757
1,5,7,1000,30.0,0.0015194216555756742,0.002516734126259509
1,5,8,1000,30.0,0.001503263277933686,0.0025080786438854115
1,5,9,1000,30.0,0.0014874928491656848,0.0024998636430501194
1,5,10,1000,30.0,0.0014720868853650875,0.0024920398791643808
1,5,11,1000,30.0,0.0014570256361300063,0.002484565187767701
1,5,12,1000,30.0,0.001442292187489453,0.00247740331492804
1,5,13,1000,30.0,0.0014278718066044434,0.0024705229676307496
1,5,14,1000,30.0,0.0014137514599220056,0.0024638970370880788
1,5,15,1000,30.0,0.0013999194564473722,0.002457501959210806
1,5,16,1000,30.0,0.001386365181743136,0.002451317184814267
1,5,17,1000,30.0,0.0013730788980543009,0.0024453247383118978
1,5,18,1000,30.0,0.0013600515928744634,0.0024395088482900115
1,5,19,1000,30.0,0.0013472748631794507,0.002433855636866553
1,5,20,1000,30.0,0.0013347408260615588,0.002428352857423307
1,5,21,1000,30.0,0.0013224420490108848,0.0024229896723640264
1,5,22,1000,30.0,0.0013103714949021655,0.0024177564641645367
1,5,23,1000,30.0,0.001298522478055057,0.002412644674239829
1,5,24,1000,30.0,0.0012868886286876815,0.0024076466651509584
1,5,25,1000,30.0,0.0012754638637763316,0.002402755602470736
1,5,26,1000,30.0,0.0012642423628425978,0.002397965353263315
1,5,27,1000,30.0,0.0012532185475614102,0.00239327039864909
1,5,28,1000,30.0,0.0012423870643588873,0.0023886657583456717
1,5,29,1000,30.0,0.001231742769372005,0.002384146925417516
1,10,0,100,10.0,21.13574019092556,9.795940693677867
1,10,1,100,10.0,10.700342167318047,7.462376148482619
1,10,2,100,10.0,7.973113326763428,4.901733573251114
1,10,3,100,10.0,5.3009477702869585,3.139895573584023
1,10,4,100,10.0,3.0442239395778956,1.7507500713788826
1,10,5,100,10.0,1.575063286376911,1.0248418717230408
1,10,6,100,10.0,0.9099173817301692,0.7364663412908279
1,10,7,100,10.0,0.6020122023253318,0.598860523648842
1,10,8,100,10.0,0.4377544836976931,0.5157400412812276
1,10,9,100,10.0,0.33889861375414143,0.4576982682930577
1,10,10,100,10.0,0.27377863367080635,0.41398124872662945
1,10,11,100,10.0,0.22798634088998035,0.379659985373093
1,10,12,100,10.0,0.19421047381960796,0.3519965282215868
1,10,13,100,10.0,0.16838424577473618,0.32926092913567034
1,10,14,100,10.0,0.1480737550932492,0.3102759297700854
1,10,15,100,10.0,0.13173596732101714,0.2942053488051709
1,10,16,100,10.0,0.11834685558761078,0.2804385236189634
1,10,17,100,10.0,0.10720123986207038,0.26852009130319276
1,10,18,100,10.0,0.0977984829862681,0.25810455044281255
1,10,19,100,10.0,0.08977394717519424,0.24892572153207806
1,10,20,100,10.0,0.08285618327969621,0.2407756875376275
1,10,21,100,10.0,0.07683925808503067,0.233489982029801
1,10,22,100,10.0,0.07156433418416268,0.22693699565747072
1,10,23,100,10.0,0.06690709355553322,0.22101028536661507
1,10,24,100,10.0,0.0627689581553002,0.21562291371925155
1,10,25,100,10.0,0.05907083972512851,0.21070322889271148
1,10,26,100,10.0,0.05574861171273184,0.2061916809603181
1,10,27,100,10.0,0.0527497769134502,0.20203839303271506
1,10,28,100,10.0,0.0500309800429716,0.19820128882091181
1,10,29,100,10.0,0.04755612690808218,0.19464463495077958
1,10,0,100,20.0,0.05062828218889985,0.02917012231808023
1,10,1,100,20.0,0.04861199767834584,0.028297258202719697
1,10,2,100,20.0,0.04674972222763008,0.027460489707263044
1,10,3,100,20.0,0.04501604955942589,0.02666279230311596
1,10,4,100,20.0,0.04339587031905324,0.025904935300898685
1,10,5,100,20.0,0.04187806225219401,0.02518617504319288
1,10,6,100,20.0,0.040453441016826214,0.02450491649591174
1,10,7,100,20.0,0.039114027102848066,0.023859152984950463
1,10,8,100,20.0,0.03785274188457859,0.02324672796875905
1,10,9,100,20.0,0.03666325091069338,0.02266548218273393
1,10,10,100,20.0,0.03553986192330495,0.02211333215590749
1,10,11,100,20.0,0.03447744654682694,0.021588308934655923
1,10,12,100,20.0,0.033471374889166246,0.02108857417429775
1,10,13,100,20.0,0.03251745903795859,0.020612423607454904
1,10,14,100,20.0,0.03161190366558494,0.020158283679823117
1,10,15,100,20.0,0.030751262699400674,0.019724704688938055
1,10,16,100,20.0,0.029932401278159514,0.019310352336531125
1,10,17,100,20.0,0.02915246233442795,0.018913998776669064
1,10,18,100,20.0,0.028408837220476782,0.018534513759100694
1,10,19,100,20.0,0.027699139861458853,0.018170856185587454
1,10,20,100,20.0,0.027021183981223145,0.01782206623307847
1,10,21,100,20.0,0.02637296300319823,0.017487258102987506
1,10,22,100,20.0,0.025752632280682114,0.017165613402222175
1,10,23,100,20.0,0.025158493357153387,0.016856375132307082
1,10,24,100,20.0,0.02458897999786761,0.016558842248009353
1,10,25,100,20.0,0.02404264576933367,0.016272364740396165
1,10,26,100,20.0,0.023518152973767338,0.01599633919765643
1,10,27,100,20.0,0.02301426277184123,0.015730204798171925
1,10,28,100,20.0,0.022529826349540684,0.01547343969292869
1,10,29,100,20.0,0.02206377700420977,0.01522555773765402
1,10,0,100,30.0,0.01674414204115991,0.02793200028357347
1,10,1,100,30.0,0.015993390274207358,0.02843626106569648
1,10,2,100,30.0,0.015436327086630359,0.02886186968365188
1,10,3,100,30.0,0.015000724121628246,0.02921239587764616
1,10,4,100,30.0,0.014644772284765987,0.029494618674114584
1,10,5,100,30.0,0.014343037628460403,0.029716435595668816
1,10,6,100,30.0,0.014079451509334547,0.02988579784880024
1,10,7,100,30.0,0.013843550389790467,0.030010177120944764
1,10,8,100,30.0,0.01362834493405507,0.030096323102219467
1,10,9,100,30.0,0.013429060092197303,0.030150182979048902
1,10,10,100,30.0,0.013242364936553062,0.030176909817256
1,10,11,100,30.0,0.01306588913454521,0.030180917059171128
1,10,12,100,30.0,0.012897912633323124,0.0301659539407745
1,10,13,100,30.0,0.012737162761430689,0.03013518721305209
1,10,14,100,30.0,0.0125826793848541,0.03009128101155839
1,10,15,100,30.0,0.012433723965708817,0.03003647065691534
1,10,16,100,30.0,0.012289717390866463,0.02997262853428005
1,10,17,100,30.0,0.012150196919280766,0.029901321578735374
1,10,18,100,30.0,0.012014785997616547,0.029823860657881625
1,10,19,100,30.0,0.011883172840956318,0.02974134252992372
1,10,20,100,30.0,0.01175509505160397,0.02965468521637936
1,10,21,100,30.0,0.01163032844293628,0.02956465765865966
1,10,22,100,30.0,0.011508678822892885,0.029471904486631492
1,10,23,100,30.0,0.01138997588226787,0.029376966651189638
1,10,24,100,30.0,0.0112740685952401,0.0292802985833952
1,10,25,100,30.0,0.011160821717430353,0.029182282452168598
1,10,26,100,30.0,0.01105011308850696,0.029083240007409722
1,10,27,100,30.0,0.01094183153044852,0.02898344241883457
1,10,28,100,30.0,0.010835875191167181,0.028883118453803647
1,10,29,100,30.0,0.0107321502243836,0.02878246127988859
1,10,0,500,10.0,0.11430404743806609,0.14867846272898544
1,10,1,500,10.0,0.08289301551830637,0.13604237514565212
1,10,2,500,10.0,0.06449289656140672,0.1254645142891862
1,10,3,500,10.0,0.05228170243453476,0.1175162389672933
1,10,4,500,10.0,0.04371389851442204,0.11149952462586141
1,10,5,500,10.0,0.03743823738198024,0.10679363847824497
1,10,6,500,10.0,0.03267199223955144,0.10299262345912272
1,10,7,500,10.0,0.028940567025750662,0.0998408928113201
1,10,8,500,10.0,0.025944835585073923,0.09717337183942343
1,10,9,500,10.0,0.023489089470085874,0.09487896898531495
1,10,10,500,10.0,0.02144072431357563,0.09287979937858332
1,10,11,500,10.0,0.01970700940890374,0.0911192675019435
1,10,12,500,10.0,0.01822126166684156,0.08955499794185955
1,10,13,500,10.0,0.01693434172144634,0.08815446905384793
1,10,14,500,10.0,0.015809255808495775,0.08689220641122546
1,10,15,500,10.0,0.014817627299421115,0.08574791199935705
1,10,16,500,10.0,0.013937327941415126,0.08470517661911024
1,10,17,500,10.0,0.013150848834736476,0.08375056883877507
1,10,18,500,10.0,0.012444155558346376,0.08287297487624368
1,10,19,500,10.0,0.011805867690879998,0.08206311042465628
1,10,20,500,10.0,0.011226660376918702,0.08131315320261188
1,10,21,500,10.0,0.010698820857414802,0.08061646208768984
1,10,22,500,10.0,0.01021591507256743,0.07996735951190345
1,10,23,500,10.0,0.009772533715872589,0.07936096084008505
1,10,24,500,10.0,0.009364096483558905,0.07879303914840566
1,10,25,500,10.0,0.00898669952603143,0.07825991702058623
1,10,26,500,10.0,0.00863699536822341,0.07775837920307684
1,10,27,500,10.0,0.0083120975104733,0.07728560153267951
1,10,28,500,10.0,0.008009503987087043,0.07683909267904994
1,10,29,500,10.0,0.007727035628456547,0.07641664606675343
1,10,0,500,20.0,0.007354317887616614,0.007775975838431894
1,10,1,500,20.0,0.007130885590921439,0.0077141948168986145
1,10,2,500,20.0,0.006928289922436977,0.007637420014818169
1,10,3,500,20.0,0.0067394159945240485,0.007552897996645141
1,10,4,500,20.0,0.006561593358786324,0.0074648013618169706
1,10,5,500,20.0,0.006393396078918389,0.007375486683328303
1,10,6,500,20.0,0.0062338446182896076,0.007286296583275326
1,10,7,500,20.0,0.0060821700304584565,0.007198006896802778
1,10,8,500,20.0,0.005937729259702862,0.00711107020561468
1,10,9,500,20.0,0.005799967372016398,0.007025749752112241
1,10,10,500,20.0,0.005668396916844482,0.0069421946990675535
1,10,11,500,20.0,0.005542584762301426,0.006860483568710031
1,10,12,500,20.0,0.005422142812014312,0.006780650041900313
1,10,13,500,20.0,0.0053067210473413656,0.006702698732604445
1,10,14,500,20.0,0.005196002109092502,0.0066266151140146915
1,10,15,500,20.0,0.005089696966423472,0.006552371940025943
1,10,16,500,20.0,0.004987541386300851,0.006479933508977897
1,10,17,500,20.0,0.0048892930098761115,0.006409258562605256
1,10,18,500,20.0,0.004794728899245929,0.006340302298494752
1,10,19,500,20.0,0.0047036434554853694,0.006273017791702146
1,10,20,500,20.0,0.004615846634380992,0.006207357012833003
1,10,21,500,20.0,0.00453116240423569,0.006143271564196438
1,10,22,500,20.0,0.004449427402997175,0.006080713214923881
1,10,23,500,20.0,0.004370489761368725,0.00601963429014176
1,10,24,500,20.0,0.004294208065537486,0.0059599879525650485
1,10,25,500,20.0,0.004220450438403384,0.005901728403795585
1,10,26,500,20.0,0.004149093722192768,0.005844811025100413
1,10,27,500,20.0,0.004080022748430813,0.005789192472246015
1,10,28,500,20.0,0.004013129683663084,0.005734830735292959
1,10,29,500,20.0,0.003948313441228213,0.005681685171608716
1,10,0,500,30.0,0.0026532067913810097,0.0063648209082268845
1,10,1,500,30.0,0.0026031715175017568,0.006358340335128174
1,10,2,500,30.0,0.0025566480501511128,0.006354349834490901
1,10,3,500,30.0,0.0025130786284104545,0.0063521768424200506
1,10,4,500,30.0,0.0024720452959824165,0.0063513369112816786
1,10,5,500,30.0,0.002433225634304972,0.006351475739612671
1,10,6,500,30.0,0.0023963643546372946,0.006352330699094481
1,10,7,500,30.0,0.0023612546134250197,0.0063537047947064855
1,10,8,500,30.0,0.0023277254294301465,0.006355448722208321
1,10,9,500,30.0,0.0022956330136638856,0.0063574483009739965
1,10,10,500,30.0,0.0022648546604319675,0.006359615538354607
1,10,11,500,30.0,0.0022352843482425595,0.006361882187535053
1,10,12,500,30.0,0.0022068295045112175,0.006364195043407422
1,10,13,500,30.0,0.002179408577554814,0.0063665124669225635
1,10,14,500,30.0,0.002152949179127405,0.006368801789119093
1,10,15,500,30.0,0.0021273866376426494,0.006371037352717538
1,10,16,500,30.0,0.002102662852361,0.006373199021010764
1,10,17,500,30.0,0.002078725371999353,0.006375271032830499
1,10,18,500,30.0,0.0020555266435033307,0.006377241116290912
1,10,19,500,30.0,0.0020330233919041317,0.006379099797759542
1,10,20,500,30.0,0.0020111761026749466,0.006380839859328724
1,10,21,500,30.0,0.001989948585357501,0.006382455910107539
1,10,22,500,30.0,0.001969307602459535,0.006383944045372034
1,10,23,500,30.0,0.0019492225513940448,0.006385301573980802
1,10,24,500,30.0,0.0019296651899871455,0.006386526799159525
1,10,25,500,30.0,0.0019106093981229215,0.006387618841251623
1,10,26,500,30.0,0.0018920309696256932,0.006388577493648831
1,10,27,500,30.0,0.0018739074296447427,0.0063894031050938166
1,10,28,500,30.0,0.0018562178737024264,0.00639009648304895
1,10,29,500,30.0,0.001838942825263746,0.006390658813975456
1,10,0,1000,10.0,0.033964169484374356,0.006688721160523954
1,10,1,1000,10.0,0.023168171620712993,0.006615605652153525
1,10,2,1000,10.0,0.0174836756066078,0.006531300470476992
1,10,3,1000,10.0,0.01440962875367792,0.006392707139490707
1,10,4,1000,10.0,0.012439281697076823,0.006223141196200345
1,10,5,1000,10.0,0.01102979991482661,0.006042169853339097
1,10,6,1000,10.0,0.009951570176871625,0.005861094427636072
1,10,7,1000,10.0,0.009089824726206739,0.005685724573730964
1,10,8,1000,10.0,0.008379708911910184,0.005518751983737754
1,10,9,1000,10.0,0.007781199281150189,0.005361184702673871
1,10,10,1000,10.0,0.007267938981302637,0.005213147772409085
1,10,11,1000,10.0,0.006821689971945885,0.005074320241506895
1,10,12,1000,10.0,0.00642933155633968,0.004944172065423085
1,10,13,1000,10.0,0.006081124226330665,0.00482209175269661
1,10,14,1000,10.0,0.005769649962896899,0.004707454176612143
1,10,15,1000,10.0,0.005489136253555825,0.004599655448290853
1,10,16,1000,10.0,0.0052350086809752365,0.0044981296117972405
1,10,17,1000,10.0,0.005003585375870283,0.004402355345538033
1,10,18,1000,10.0,0.004791862658746081,0.0043118572497211054
1,10,19,1000,10.0,0.004597361098336169,0.004226204298365082
1,10,20,1000,10.0,0.004418012670900479,0.004145006909439814
1,10,21,1000,10.0,0.0042520765385637834,0.004067913447736531
1,10,22,1000,10.0,0.00409807517131205,0.003994606609299536
1,10,23,1000,10.0,0.003954745199245077,0.0039247999260505545
1,10,24,1000,10.0,0.0038209991085375577,0.003858234508574479
1,10,25,1000,10.0,0.0036958950400201424,0.0037946760763367406
1,10,26,1000,10.0,0.003578612724552899,0.003733912286229593
1,10,27,1000,10.0,0.0034684341237589925,0.0036757503496925564
1,10,28,1000,10.0,0.0033647277192460777,0.003620014918326622
1,10,29,1000,10.0,0.0032669356600182613,0.003566546213548304
1,10,0,1000,20.0,0.00290789912063376,0.0039111788572933365
1,10,1,1000,20.0,0.00281876341011136,0.0039554843827296566
1,10,2,1000,20.0,0.0027445349074830027,0.003978802420654562
1,10,3,1000,20.0,0.002676879502315113,0.003988379189091588
1,10,4,1000,20.0,0.0026134554005524135,0.003989546731910997
1,10,5,1000,20.0,0.0025534100028470914,0.003985654719184893
1,10,6,1000,20.0,0.0024963155912493254,0.003978727254445084
1,10,7,1000,20.0,0.002441890089958283,0.0039699849386788935
1,10,8,1000,20.0,0.0023899144559085808,0.003960172257517459
1,10,9,1000,20.0,0.002340204482481179,0.003949750463439191
1,10,10,1000,20.0,0.0022925993900540986,0.003939009861327656
1,10,11,1000,20.0,0.002246956238920612,0.003928135678669281
1,10,12,1000,20.0,0.0022031466383339087,0.00391724732585308
1,10,13,1000,20.0,0.0021610545012572765,0.003906422243346782
1,10,14,1000,20.0,0.0021205743550650746,0.0038957106703751826
1,10,15,1000,20.0,0.0020816099943351887,0.0038851449626523225
1,10,16,1000,20.0,0.002044073370084034,0.0038747455727580634
1,10,17,1000,20.0,0.0020078836559051455,0.0038645249486272985
1,10,18,1000,20.0,0.001972966453109049,0.0038544901105861448
1,10,19,1000,20.0,0.0019392531083175515,0.0038446443762385867
1,10,20,1000,20.0,0.0019066801236690039,0.003834988527934862
1,10,21,1000,20.0,0.001875188644183993,0.003825521610894571
1,10,22,1000,20.0,0.001844724009961052,0.003816241483741942
1,10,23,1000,20.0,0.0018152353632081447,0.0038071452013151087
1,10,24,1000,20.0,0.0017866753019253542,0.0037982292827451703
1,10,25,1000,20.0,0.0017589995734845292,0.003789489900354204
1,10,26,1000,20.0,0.0017321668024971046,0.0037809230134492073
1,10,27,1000,20.0,0.001706138248286489,0.003772524463464324
1,10,28,1000,20.0,0.001680877588033749,0.003764290041792037
1,10,29,1000,20.0,0.0016563507222809842,0.0037562155381775726
1,10,0,1000,30.0,0.0015897299487302998,0.002145741837389553
1,10,1,1000,30.0,0.0015671468080524983,0.0021220403704352254
1,10,2,1000,30.0,0.001547107249549324,0.00210317341475138
1,10,3,1000,30.0,0.0015286108052384997,0.0020875996945186846
1,10,4,1000,30.0,0.0015111225431587829,0.0020743426342296548
1,10,5,1000,30.0,0.0014943502177813834,0.002062762604361625
1,10,6,1000,30.0,0.00147813004666584,0.002052427896280622
1,10,7,1000,30.0,0.0014623671788056589,0.002043039215178937
1,10,8,1000,30.0,0.001447004246510652,0.0020343841011107905
1,10,9,1000,30.0,0.001432004557513191,0.0020263085842821367
1,10,10,1000,30.0,0.0014173430147291152,0.002018699051153138
1,10,11,1000,30.0,0.0014030011595043525,0.0020114703309290823
1,10,12,1000,30.0,0.0013889644371059189,0.0020045576754660656
1,10,13,1000,30.0,0.0013752206711324878,0.001997911240121753
1,10,14,1000,30.0,0.0013617592016172601,0.0019914922107156854
1,10,15,1000,30.0,0.0013485703908178125,0.001985270038544555
1,10,16,1000,30.0,0.0013356453345954838,0.0019792204365754055
1,10,17,1000,30.0,0.0013229756898630234,0.001973323908091227
1,10,18,1000,30.0,0.0013105535682452648,0.0019675646538016866
1,10,19,1000,30.0,0.0012983714679549263,0.0019619297517738795
1,10,20,1000,30.0,0.0012864222280270178,0.001956408536469423
1,10,21,1000,30.0,0.00127469899585372,0.001950992124678265
1,10,22,1000,30.0,0.0012631952027981586,0.001945673050878475
1,10,23,1000,30.0,0.001251904544848126,0.0019404449848138524
1,10,24,1000,30.0,0.0012408209665218108,0.0019353025113287093
1,10,25,1000,30.0,0.0012299386469606162,0.0019302409576811715
1,10,26,1000,30.0,0.0012192519875653862,0.0019252562573027385
1,10,27,1000,30.0,0.0012087556007794175,0.0019203448417068581
1,10,28,1000,30.0,0.0011984442997684923,0.0019155035542637886
1,10,29,1000,30.0,0.0011883130888353684,0.0019107295810545466
2,5,0,100,10.0,16.114287595688193,13.572328409585104
2,5,1,100,10.0,12.384117650198283,11.495167722353699
2,5,2,100,10.0,11.451733342169446,11.309098601379999
2,5,3,100,10.0,11.37342182183933,11.31484281086714
2,5,4,100,10.0,11.353602514303882,11.310071925052078
2,5,5,100,10.0,11.334774626330333,11.29674707354805
2,5,6,100,10.0,11.315553094868767,11.279829238091132
2,5,7,100,10.0,11.296064473991569,11.261428585509588
2,5,8,100,10.0,11.276278998485987,11.242265175068471
2,5,9,100,10.0,11.256059192256341,11.222487009932127
2,5,10,100,10.0,11.235190535194894,11.201992853439224
2,5,11,100,10.0,11.213376678709484,11.180539274643156
2,5,12,100,10.0,11.19021176903587,11.157756635388976
2,5,13,100,10.0,11.16512893018072,11.133116556290936
2,5,14,100,10.0,11.137312946597538,11.105855318245258
2,5,15,100,10.0,11.105550849663807,11.074832796592911
2,5,16,100,10.0,11.06796755403433,11.03827482042805
2,5,17,100,10.0,11.021537841052872,10.993285062825146
2,5,18,100,10.0,10.96114101241908,10.934873187006604
2,5,19,100,10.0,10.877631706617123,10.853912861844554
2,5,20,100,10.0,10.753696301347782,10.732637928443001
2,5,21,100,10.0,10.554641120935814,10.534539138328732
2,5,22,100,10.0,10.208670127636294,10.184124871517238
2,5,23,100,10.0,9.578028904597215,9.552240503773792
2,5,24,100,10.0,8.50939882267787,8.589621400268316
2,5,25,100,10.0,7.195102191143535,7.641461480350732
2,5,26,100,10.0,6.192895433192388,6.992823583260025
2,5,27,100,10.0,5.596160033422861,6.556624243181634
2,5,28,100,10.0,5.216056842715784,6.244533158194556
2,5,29,100,10.0,4.944987188960432,6.014288347252145
2,5,0,100,20.0,4.683876730570195,4.8432903337816215
2,5,1,100,20.0,4.549553919063152,4.754289515050118
2,5,2,100,20.0,4.437023990569267,4.67428890092767
2,5,3,100,20.0,4.339402286847778,4.60271140166197
2,5,4,100,20.0,4.253165252193548,4.5379275462107564
2,5,5,100,20.0,4.175385073987703,4.478037251993752
2,5,6,100,20.0,4.103471204739085,4.421159383896113
2,5,7,100,20.0,4.0350791375442325,4.365474996635274
2,5,8,100,20.0,3.9680038329933156,4.3091519909343345
2,5,9,100,20.0,3.900038404483144,4.250208097180979
2,5,10,100,20.0,3.8287922497450158,4.186322069000565
2,5,11,100,20.0,3.751453235156874,4.114575723299545
2,5,12,100,20.0,3.6644648565395057,4.031091255984975
2,5,13,100,20.0,3.563077502784171,3.9305174992702767
2,5,14,100,20.0,3.440738531078201,3.8053361393729035
2,5,15,100,20.0,3.288365848059101,3.6450860639077556
2,5,16,100,20.0,3.093879023451486,3.4360776179318853
2,5,17,100,20.0,2.8433347158484135,3.1634447094368885
2,5,18,100,20.0,2.526838567370263,2.8192839364432696
2,5,19,100,20.0,2.1521674296286832,2.41829322716244
2,5,20,100,20.0,1.7573679848924848,2.0062754119912216
2,5,21,100,20.0,1.3975123837960113,1.6376983565305976
2,5,22,100,20.0,1.108382545248978,1.3411253675665373
2,5,23,100,20.0,0.8920514792093666,1.114724665652026
2,5,24,100,20.0,0.7328166107048344,0.943633751155673
2,5,25,100,20.0,0.6137208806509058,0.8128016096155292
2,5,26,100,20.0,0.5222033437871748,0.7108256693991617
2,5,27,100,20.0,0.4499767386223795,0.6297850057978498
2,5,28,100,20.0,0.39169331193590434,0.5642534435656898
2,5,29,100,20.0,0.34384055267093483,0.5104587664930201
2,5,0,100,30.0,0.3237021462721892,0.3697906440521601
2,5,1,100,30.0,0.27611691299113145,0.366406013523059
2,5,2,100,30.0,0.24792400570399528,0.3547819871580249
2,5,3,100,30.0,0.2256313102815061,0.3413868196971232
2,5,4,100,30.0,0.20675401739981286,0.3282427549284829
2,5,5,100,30.0,0.1903988792574214,0.3158885122208945
2,5,6,100,30.0,0.17606627489534318,0.3044173281758481
2,5,7,100,30.0,0.16341096546429595,0.2937929699509207
2,5,8,100,30.0,0.1521706575715683,0.2839458723169981
2,5,9,100,30.0,0.14213690432497988,0.27480266966302236
2,5,10,100,30.0,0.13314003560613433,0.2662949347850334
2,5,11,100,30.0,0.12503990352472988,0.25836125831703766
2,5,12,100,30.0,0.11771955259194454,0.2509472071076942
2,5,13,100,30.0,0.11108060377847664,0.2440046652821817
2,5,14,100,30.0,0.1050397563083629,0.2374910603656756
2,5,15,100,30.0,0.09952607081874609,0.23136863528795498
2,5,16,100,30.0,0.09447882358584556,0.22560380890122295
2,5,17,100,30.0,0.08984579058375398,0.22016662760413366
2,5,18,100,30.0,0.08558186179331674,0.21503029843455337
2,5,19,100,30.0,0.08164791314126388,0.2101707915573155
2,5,20,100,30.0,0.0780098818160477,0.20556650086878248
2,5,21,100,30.0,0.07463800368630809,0.20119795308716337
2,5,22,100,30.0,0.0715061809743135,0.19704755737086269
2,5,23,100,30.0,0.06859145532739401,0.19309938895876536
2,5,24,100,30.0,0.06587356670105171,0.18933900151589272
2,5,25,100,30.0,0.063334582494895,0.18575326382230706
2,5,26,100,30.0,0.06095858449444975,0.1823302172049913
2,5,27,100,30.0,0.05873140359911197,0.1790589507221687
2,5,28,100,30.0,0.05664039422505957,0.17592949160043234
2,5,29,100,30.0,0.05467424178333179,0.17293270882336534
2,5,0,500,10.0,0.2814305718785859,0.22085648926713652
2,5,1,500,10.0,0.1789231051550301,0.1919825948619732
2,5,2,500,10.0,0.12671907978380295,0.16622664396782386
2,5,3,500,10.0,0.09211166187216928,0.14631495384317933
2,5,4,500,10.0,0.06850719601674937,0.13301823884415062
2,5,5,500,10.0,0.05279741449254317,0.12401505002562303
2,5,6,500,10.0,0.042235995255691855,0.117107001912433
2,5,7,500,10.0,0.034859008916169866,0.111378856595518
2,5,8,500,10.0,0.0294878259665587,0.10650552634528865
2,5,9,500,10.0,0.025431603400283564,0.10231748488294536
2,5,10,500,10.0,0.022274377477896484,0.09869117480041624
2,5,11,500,10.0,0.0197553350885829,0.09552775390409106
2,5,12,500,10.0,0.017704075820505132,0.0927474620594795
2,5,13,500,10.0,0.016005061269668615,0.0902861467874597
2,5,14,500,10.0,0.014577391943102936,0.08809224690679339
2,5,15,500,10.0,0.013362837687501686,0.08612420662562549
2,5,16,500,10.0,0.012318478909632391,0.08434836146533464
2,5,17,500,10.0,0.011412024292864732,0.08273726259201197
2,5,18,500,10.0,0.010618739337883909,0.08126836961364982
2,5,19,500,10.0,0.00991937665500698,0.07992303724837571
2,5,20,500,10.0,0.009298747760995572,0.07868573024386734
2,5,21,500,10.0,0.008744716556334634,0.07754341341142908
2,5,22,500,10.0,0.008247476523214045,0.07648507543460838
2,5,23,500,10.0,0.007799022847051134,0.07550135491218196
2,5,24,500,10.0,0.0073927609935138605,0.07458424477867585
2,5,25,500,10.0,0.007023212444904083,0.0737268571007763
2,5,26,500,10.0,0.0066857906895202435,0.07292323464911105
2,5,27,500,10.0,0.0063766287268148475,0.07216819893442457
2,5,28,500,10.0,0.00609244483702748,0.07145722685365632
2,5,29,500,10.0,0.005830437110111881,0.07078634992935007
2,5,0,500,20.0,0.005720955226442299,0.005193013899207043
2,5,1,500,20.0,0.005517944539557687,0.005119045297687577
2,5,2,500,20.0,0.0053324494555172,0.005039565924601906
2,5,3,500,20.0,0.005160500121469005,0.004957256189113646
2,5,4,500,20.0,0.004999903775953721,0.0048738911209782135
2,5,5,500,20.0,0.004849209389437607,0.004790619984666324
2,5,6,500,20.0,0.0047073353978894575,0.004708182884530984
2,5,7,500,20.0,0.004573416619965437,0.004627054777725175
2,5,8,500,20.0,0.004446731681231767,0.004547537390911381
2,5,9,500,20.0,0.0043266636301719725,0.004469817660860262
2,5,10,500,20.0,0.004212675964009712,0.004394005303427263
2,5,11,500,20.0,0.004104296660769441,0.004320157380294902
2,5,12,500,20.0,0.004001106804047689,0.004248294669771874
2,5,13,500,20.0,0.0039027320693207765,0.004178412781207309
2,5,14,500,20.0,0.003808836116263942,0.004110489832528951
2,5,15,500,20.0,0.003719115319764497,0.004044491836265565
2,5,16,500,20.0,0.0036332944812915062,0.003980376528748453
2,5,17,500,20.0,0.00355112328218673,0.003918096122924071
2,5,18,500,20.0,0.0034723733131739112,0.0038575993049063746
2,5,19,500,20.0,0.003396835560703161,0.003798832691433233
2,5,20,500,20.0,0.003324318261527103,0.003741741898033104
2,5,21,500,20.0,0.003254645058126878,0.003686272322855073
2,5,22,500,20.0,0.0031876534027072594,0.0036323697207487635
2,5,23,500,20.0,0.00312319316852066,0.003579980621293981
2,5,24,500,20.0,0.003061125435536156,0.0035290526299021755
2,5,25,500,20.0,0.003001321423764967,0.0034795346408008415
2,5,26,500,20.0,0.0029436615524306795,0.0034313769833238376
2,5,27,500,20.0,0.0028880346070038997,0.0033845315175769775
2,5,28,500,20.0,0.002834336999166124,0.003338951691625993
2,5,29,500,20.0,0.002782472107212384,0.0032945925694521476
2,5,0,500,30.0,0.0015928283865341895,0.004668469584361827
2,5,1,500,30.0,0.0015661346605526153,0.004648185456433961
2,5,2,500,30.0,0.0015411014383561602,0.004629855960185723
2,5,3,500,30.0,0.0015175141806130575,0.004613150319267743
2,5,4,500,30.0,0.0014951971920763522,0.0045978014822136894
2,5,5,500,30.0,0.0014740052431557807,0.004583592587053939
2,5,6,500,30.0,0.0014538172250066863,0.004570346563730454
2,5,7,500,30.0,0.001434531294568766,0.004557918081951299
2,5,8,500,30.0,0.0014160611242917502,0.004546187269863793
2,5,9,500,30.0,0.001398332979766547,0.00453505478176124
2,5,10,500,30.0,0.0013812834239548257,0.004524437901833728
2,5,11,500,30.0,0.001364857499951924,0.004514267449412935
2,5,12,500,30.0,0.0013490072822551042,0.00450448530837537
2,5,13,500,30.0,0.0013336907140013732,0.004495042445542408
2,5,14,500,30.0,0.0013188706677228074,0.004485897314303088
2,5,15,500,30.0,0.00130451418198365,0.0044770145632523715
2,5,16,500,30.0,0.0012905918372937719,0.004468363987472704
2,5,17,500,30.0,0.0012770772429737999,0.004459919673684078
2,5,18,500,30.0,0.0012639466129121986,0.004451659300924152
2,5,19,500,30.0,0.001251178412929167,0.004443563566478906
2,5,20,500,30.0,0.0012387530661255427,0.004435615713044136
2,5,21,500,30.0,0.0012266527054230405,0.004427801137984087
2,5,22,500,30.0,0.0012148609646992494,0.004420107069388356
2,5,23,500,30.0,0.0012033628016364616,0.004412522296648305
2,5,24,500,30.0,0.0011921443467505875,0.004405036945666298
2,5,25,500,30.0,0.0011811927741297577,0.004397642290709778
2,5,26,500,30.0,0.0011704961902548581,0.004390330596438335
2,5,27,500,30.0,0.0011600435379459856,0.004383094984842289
2,5,28,500,30.0,0.0011498245130156578,0.004375929322806912
2,5,29,500,30.0,0.0011398294916413838,0.004368828126797609
2,5,0,1000,10.0,0.023701153402045556,0.006757478991987754
2,5,1,1000,10.0,0.017904952638379216,0.006949044104318632
2,5,2,1000,10.0,0.014259038304048352,0.006890195097126451
2,5,3,1000,10.0,0.012008548404324785,0.006700667094797806
2,5,4,1000,10.0,0.010434043832602269,0.006465954499042629
2,5,5,1000,10.0,0.009248258131369867,0.006226195709146722
2,5,6,1000,10.0,0.008314544053310951,0.005997400070358438
2,5,7,1000,10.0,0.007556774609722049,0.005784897932779309
2,5,8,1000,10.0,0.006927892577216858,0.0055895694239552025
2,5,9,1000,10.0,0.006396751419405355,0.005410543944522884
2,5,10,1000,10.0,0.005941722376810778,0.005246353210161395
2,5,11,1000,10.0,0.005547236210412057,0.005095416667582588
2,5,12,1000,10.0,0.005201763389057908,0.004956236653446656
2,5,13,1000,10.0,0.004896565703052154,0.004827466766737923
2,5,14,1000,10.0,0.004624890265812751,0.004707925523248168
2,5,15,1000,10.0,0.004381430641604446,0.0045965875166985165
2,5,16,1000,10.0,0.004161956036001853,0.004492566542935862
2,5,17,1000,10.0,0.003963049847076053,0.004395097068818538
2,5,18,1000,10.0,0.003781921422421637,0.004303516716906863
2,5,19,1000,10.0,0.003616268022402097,0.004217250733881243
2,5,20,1000,10.0,0.0034641719494224125,0.004135798644820811
2,5,21,1000,10.0,0.003324022770027128,0.004058722970412163
2,5,22,1000,10.0,0.0031944577401975555,0.003985639765199199
2,5,23,1000,10.0,0.0030743156330867057,0.00391621071007183
2,5,24,1000,10.0,0.0029626005677272044,0.0038501365076273244
2,5,25,1000,10.0,0.0028584533921568477,0.0037871513593417546
2,5,26,1000,10.0,0.002761128837021183,0.0037270183368888895
2,5,27,1000,10.0,0.0026699771225210255,0.0036695254913579442
2,5,28,1000,10.0,0.0025844290350079003,0.0036144825716537122
2,5,29,1000,10.0,0.0025039837307372476,0.0035617182466335206
2,5,0,1000,20.0,0.002225914962219531,0.002987742177839072
2,5,1,1000,20.0,0.00215529233367983,0.003002113503122445
2,5,2,1000,20.0,0.002092600720480623,0.0030106840065400784
2,5,3,1000,20.0,0.0020351198655586228,0.003015031197942202
2,5,4,1000,20.0,0.001981652237217764,0.003016382266667532
2,5,5,1000,20.0,0.0019315267236150852,0.003015592908923404
2,5,6,1000,20.0,0.0018842927099257238,0.00301324733826976
2,5,7,1000,20.0,0.0018396135407393853,0.0030097488867073534
2,5,8,1000,20.0,0.0017972225823197836,0.003005382844062718
2,5,9,1000,20.0,0.0017569013725612969,0.0030003568069347487
2,5,10,1000,20.0,0.0017184668636989083,0.00299482606104123
2,5,11,1000,20.0,0.0016817631025575555,0.0029889096216691798
2,5,12,1000,20.0,0.0016466554240102311,0.002982700555996415
2,5,13,1000,20.0,0.0016130262271773187,0.002976272801046077
2,5,14,1000,20.0,0.0015807718175836316,0.002969685805492403
2,5,15,1000,20.0,0.0015497999976727306,0.002962987791455825
2,5,16,1000,20.0,0.00152002819723296,0.0029562181178571043
2,5,17,1000,20.0,0.00149138200116041,0.002949409041328025
2,5,18,1000,20.0,0.00146379397435789,0.0029425870605296676
2,5,19,1000,20.0,0.0014372027119682078,0.002935773963551201
2,5,20,1000,20.0,0.0014115520626947918,0.0029289876576454738
2,5,21,1000,20.0,0.0013867904866885405,0.0029222428353532343
2,5,22,1000,20.0,0.0013628705192578572,0.0029155515149753442
2,5,23,1000,20.0,0.0013397483187169688,0.002908923482805196
2,5,24,1000,20.0,0.0013173832818342698,0.0029023666574206023
2,5,25,1000,20.0,0.001295737714139889,0.002895887391408716
2,5,26,1000,20.0,0.0012747765451776205,0.002889490722383382
2,5,27,1000,20.0,0.0012544670809116311,0.0028831805825931408
2,5,28,1000,20.0,0.0012347787871104456,0.002876959974499589
2,5,29,1000,20.0,0.0012156830987649476,0.002870831118247787
2,5,0,1000,30.0,0.0011979649996180885,0.0016280423442601552
2,5,1,1000,30.0,0.0011829120628687028,0.0016163758994135375
2,5,2,1000,30.0,0.0011683858175452675,0.001605940114681958
2,5,3,1000,30.0,0.001154300406145174,0.0015964566279558863
2,5,4,1000,30.0,0.0011406018012971207,0.001587722143892805
2,5,5,1000,30.0,0.0011272542846952843,0.001579586082467238
2,5,6,1000,30.0,0.0011142328144738841,0.0015719354891704257
2,5,7,1000,30.0,0.0011015186841234336,0.0015646846508118918
2,5,8,1000,30.0,0.00108909703477562,0.0015577678264525948
2,5,9,1000,30.0,0.001076955417968757,0.0015511340814277482
2,5,10,1000,30.0,0.001065082957496172,0.0015447435667212852
2,5,11,1000,30.0,0.0010534698549408586,0.0015385648076859581
2,5,12,1000,30.0,0.0010421070935509283,0.0015325727077470173
2,5,13,1000,30.0,0.0010309862572924584,0.001526747065008702
2,5,14,1000,30.0,0.0010200994172510148,0.0015210714609225724
2,5,15,1000,30.0,0.0010094390577406497,0.0015155324215210342
2,5,16,1000,30.0,0.000998998026068048,0.0015101187800761532
2,5,17,1000,30.0,0.0009887694965849075,0.0015048211897739606
2,5,18,1000,30.0,0.0009787469435325105,0.0014996317488986067
2,5,19,1000,30.0,0.0009689241194355463,0.001494543710934032
2,5,20,1000,30.0,0.0009592950371161102,0.0014895512591323505
2,5,21,1000,30.0,0.0009498539541698026,0.0014846493302869152
2,5,22,1000,30.0,0.0009405953591993454,0.0014798334762535807
2,5,23,1000,30.0,0.0009315139593688868,0.001475099754569563
2,5,24,1000,30.0,0.0009226046690014694,0.0014704446416067727
2,5,25,1000,30.0,0.0009138625990373437,0.0014658649632549418
2,5,26,1000,30.0,0.0009052830472286643,0.0014613578393015384
2,5,27,1000,30.0,0.0008968614889803216,0.001456920638559716
2,5,28,1000,30.0,0.0008885935687702028,0.0014525509424680632
2,5,29,1000,30.0,0.0008804750920947416,0.0014482465153955186
2,10,0,100,10.0,16.122483105213643,11.36005080172375
2,10,1,100,10.0,11.540031316114499,11.47283373181845
2,10,2,100,10.0,11.504233244411457,11.467169840456402
2,10,3,100,10.0,11.469250167060945,11.44946814727142
2,10,4,100,10.0,11.43302376092208,11.428850753483886
2,10,5,100,10.0,11.395095766463408,11.404971474372854
2,10,6,100,10.0,11.354097745411476,11.376315618141424
2,10,7,100,10.0,11.307948082024824,11.340446397506561
2,10,8,100,10.0,11.25338560272749,11.293386781832188
2,10,9,100,10.0,11.185016337567614,11.228333990806327
2,10,10,100,10.0,11.093391300250632,11.133017600048742
2,10,11,100,10.0,10.9609247251199,10.984004815988213
2,10,12,100,10.0,10.752845025174848,10.734082363938882
2,10,13,100,10.0,10.397391856044273,10.286360028915754
2,10,14,100,10.0,9.753790957297662,9.470685677338544
2,10,15,100,10.0,8.657822489368572,8.22446447497995
2,10,16,100,10.0,7.3352782410252715,7.103396668171663
2,10,17,100,10.0,6.413319969786493,6.529474345760801
2,10,18,100,10.0,5.931603964979095,6.237106709210906
2,10,19,100,10.0,5.625558619385448,5.9999338074931945
2,10,20,100,10.0,5.34879518805464,5.722515951785906
2,10,21,100,10.0,5.030690044359828,5.350114067411117
2,10,22,100,10.0,4.619091579859685,4.832682813640356
2,10,23,100,10.0,4.059268286286086,4.127480211878347
2,10,24,100,10.0,3.3090577611854286,3.2533546131686046
2,10,25,100,10.0,2.4224047347624156,2.37511693515522
2,10,26,100,10.0,1.6077580409872765,1.7070844480444067
2,10,27,100,10.0,1.0373934329063026,1.2874663882673265
2,10,28,100,10.0,0.6949749159933473,1.0323249897062792
2,10,29,100,10.0,0.4938605987616437,0.8691857738485638
2,10,0,100,20.0,0.39965005768972534,0.28402662224098474
2,10,1,100,20.0,0.3303547361852194,0.23750894658488658
2,10,2,100,20.0,0.2786040348602534,0.20270834970664833
2,10,3,100,20.0,0.2393503219890823,0.17604771071753697
2,10,4,100,20.0,0.2089220363350199,0.15513484065862557
2,10,5,100,20.0,0.18482995105732436,0.13837987466709376
2,10,6,100,20.0,0.16538292419905545,0.12470570653357775
2,10,7,100,20.0,0.1494119190649862,0.1133649962910569
2,10,8,100,20.0,0.13609257886554807,0.10382687807350757
2,10,9,100,20.0,0.1248321866755549,0.0957059346723517
2,10,10,100,20.0,0.11519671493720467,0.08871672606429679
2,10,11,100,20.0,0.10686288554214081,0.08264401336619139
2,10,12,100,20.0,0.09958606889618848,0.07732282755801242
2,10,13,100,20.0,0.0931783993138507,0.07262484964909319
2,10,14,100,20.0,0.0874936032141078,0.06844892368335516
2,10,15,100,20.0,0.08241631633528405,0.06471433057868285
2,10,16,100,20.0,0.07785445231825759,0.061355940936363006
2,10,17,100,20.0,0.0737336769541412,0.0583206689530161
2,10,18,100,20.0,0.06999335591648226,0.055564841866216866
2,10,19,100,20.0,0.06658354708269382,0.0530522232978587
2,10,20,100,20.0,0.06346274247321855,0.050752510143419534
2,10,21,100,20.0,0.06059615436539941,0.04864017684920838
2,10,22,100,20.0,0.05795440079770532,0.046693577611199716
2,10,23,100,20.0,0.05551248729008475,0.04489424223074911
2,10,24,100,20.0,0.053249010479619024,0.04322631890749613
2,10,25,100,20.0,0.051145529622994096,0.041676129620140674
2,10,26,100,20.0,0.04918606626801118,0.040231812572269626
2,10,27,100,20.0,0.04735670266424289,0.038883032549382815
2,10,28,100,20.0,0.04564525689813925,0.03762074467783571
2,10,29,100,20.0,0.04404101814107201,0.03643700049745622
2,10,0,100,30.0,0.033670236077824024,0.05493305581227402
2,10,1,100,30.0,0.03222092122150194,0.054897843164697355
2,10,2,100,30.0,0.03101172876480509,0.054817857327272936
2,10,3,100,30.0,0.02996843894277053,0.05469919185490778
2,10,4,100,30.0,0.02904536439257298,0.05454910152872339
2,10,5,100,30.0,0.028213155991568005,0.0543744994537844
2,10,6,100,30.0,0.027452215314811602,0.054181406174589976
2,10,7,100,30.0,0.026748977080672292,0.05397482860637585
2,10,8,100,30.0,0.026093732946189486,0.05375882150827232
2,10,9,100,30.0,0.02547931609252664,0.05353661473078262
2,10,10,100,30.0,0.024900282727415207,0.05331075278633546
2,10,11,100,30.0,0.02435238893552414,0.05308322409794468
2,10,12,100,30.0,0.023832247777100038,0.05285557202569473
2,10,13,100,30.0,0.023337099121105858,0.05262898653457513
2,10,14,100,30.0,0.02286465163038154,0.05240437819848273
2,10,15,100,30.0,0.022412971943233755,0.05218243717691504
2,10,16,100,30.0,0.02198040537268313,0.05196367988002543
2,10,17,100,30.0,0.02156551807026746,0.051748485762775444
2,10,18,100,30.0,0.021167054082233874,0.05153712630381536
2,10,19,100,30.0,0.020783902921553986,0.0513297878397136
2,10,20,100,30.0,0.020415074689720997,0.051126589584309566
2,10,21,100,30.0,0.020059680704500874,0.05092759787877546
2,10,22,100,30.0,0.019716918202950403,0.05073283748884686
2,10,23,100,30.0,0.0193860581032193,0.050542300584581014
2,10,24,100,30.0,0.0190664350927413,0.05035595389656234
2,10,25,100,30.0,0.01875743950807594,0.05017374443275685
2,10,26,100,30.0,0.018458510611061636,0.04999560405540712
2,10,27,100,30.0,0.018169130965518143,0.0498214531518836
2,10,28,100,30.0,0.0178888216907313,0.0496512035828264
2,10,29,100,30.0,0.017617138420602474,0.049484761051790935
2,10,0,500,10.0,0.12385830317498281,0.23595875224387497
2,10,1,500,10.0,0.09508096650558995,0.21844080864892876
2,10,2,500,10.0,0.0759803081642262,0.20516519020371873
2,10,3,500,10.0,0.0622314642175529,0.1948343898978939
2,10,4,500,10.0,0.0519998400395634,0.1865249000794702
2,10,5,500,10.0,0.04421116279418693,0.17965875755844687
2,10,6,500,10.0,0.03816663183074232,0.173865475164471
2,10,7,500,10.0,0.03339041037381122,0.16889722514731956
2,10,8,500,10.0,0.0295517322123008,0.1645806927683762
2,10,9,500,10.0,0.026417574311078273,0.16078984970727847
2,10,10,500,10.0,0.02382161239839178,0.1574301540059883
2,10,11,500,10.0,0.021643418981857242,0.15442894357973957
2,10,12,500,10.0,0.01979446262865686,0.15172928797062
2,10,13,500,10.0,0.01820864984190196,0.1492858723605668
2,10,14,500,10.0,0.016835890540157356,0.14706214154375918
2,10,15,500,10.0,0.01563767541988097,0.1450282617841795
2,10,16,500,10.0,0.014583998230075723,0.1431596333619715
2,10,17,500,10.0,0.013651184851042183,0.1414357847451019
2,10,18,500,10.0,0.01282034062893031,0.13983953744078076
2,10,19,500,10.0,0.01207622455310653,0.13835636657594755
2,10,20,500,10.0,0.011406422021376324,0.13697390536206125
2,10,21,500,10.0,0.010800729251125532,0.13568155686515695
2,10,22,500,10.0,0.010250689663656701,0.1344701868300078
2,10,23,500,10.0,0.00974924076403025,0.1333318784360341
2,10,24,500,10.0,0.009290442322326441,0.13225973486934922
2,10,25,500,10.0,0.008869265055846736,0.1312477191658569
2,10,26,500,10.0,0.008481424817034292,0.1302905233616927
2,10,27,500,10.0,0.008123251354916096,0.12938346087658417
2,10,28,500,10.0,0.007791583594440101,0.1285223774542146
2,10,29,500,10.0,0.007483685437331782,0.12770357702943796
2,10,0,500,20.0,0.007339485150742836,0.0067680942517047895
2,10,1,500,20.0,0.007091376637261686,0.006685764092988792
2,10,2,500,20.0,0.00686312176660201,0.006598003232931408
2,10,3,500,20.0,0.006650581755124312,0.006507341883719265
2,10,4,500,20.0,0.00645141429582204,0.006415453888862788
2,10,5,500,20.0,0.006264017037110898,0.006323450768018408
2,10,6,500,20.0,0.006087171786946823,0.006232078974765895
2,10,7,500,20.0,0.0059198934182632034,0.006141842256026468
2,10,8,500,20.0,0.005761354026829767,0.006053078783743323
2,10,9,500,20.0,0.005610840262514925,0.005966011499108396
2,10,10,500,20.0,0.005467727162729326,0.005880782053380412
2,10,11,500,20.0,0.005331460891802198,0.005797474267975502
2,10,12,500,20.0,0.0052015466060106735,0.005716130645017591
2,10,13,500,20.0,0.005077539448656613,0.005636764137444202
2,10,14,500,20.0,0.0049590375705851324,0.0055593666184580864
2,10,15,500,20.0,0.004845676536357264,0.005483915018480317
2,10,16,500,20.0,0.004737124727584182,0.005410375795539507
2,10,17,500,20.0,0.004633079495567307,0.005338708204688199
2,10,18,500,20.0,0.0045332638970571925,0.005268866695904587
2,10,19,500,20.0,0.004437423896332981,0.005200802675784034
2,10,20,500,20.0,0.00434532594800334,0.005134465802349075
2,10,21,500,20.0,0.00425675489554263,0.005069804935623597
2,10,22,500,20.0,0.004171512134803272,0.005006768833320537
2,10,23,500,20.0,0.0040894140019635235,0.004945306657084858
2,10,24,500,20.0,0.004010290352970876,0.004885368337466999
2,10,25,500,20.0,0.003933983307358001,0.004826904833262816
2,10,26,500,20.0,0.003860346133866206,0.004769868311701445
2,10,27,500,20.0,0.0037892422589477256,0.004714212269246762
2,10,28,500,20.0,0.0037205443821616423,0.0046598916078280485
2,10,29,500,20.0,0.003654133684888319,0.004606862677648265
2,10,0,500,30.0,0.002629740828979325,0.005488955695834416
2,10,1,500,30.0,0.002583282741015182,0.0054738855855849256
2,10,2,500,30.0,0.0025390316747834424,0.005460579671967479
2,10,3,500,30.0,0.0024967619412906822,0.005448748733140607
2,10,4,500,30.0,0.002456291550804703,0.005438169325204998
2,10,5,500,30.0,0.0024174699205609376,0.005428665645284978
2,10,6,500,30.0,0.0023801696810608476,0.0054200969753560625
2,10,7,500,30.0,0.002344281095630093,0.0054123488550557744
2,10,8,500,30.0,0.0023097081750069483,0.005405326784096845
2,10,9,500,30.0,0.002276365910352931,0.005398951665363743
2,10,10,500,30.0,0.002244178257134547,0.005393156462213452
2,10,11,500,30.0,0.0022130766321378378,0.0053878837138199905
2,10,12,500,30.0,0.002182998767600796,0.005383083664485837
2,10,13,500,30.0,0.0021538878185800776,0.005378712837580968
2,10,14,500,30.0,0.0021256916533515073,0.005374732935228378
2,10,15,500,30.0,0.002098362278683756,0.005371109979328211
2,10,16,500,30.0,0.002071855366428685,0.005367813633334318
2,10,17,500,30.0,0.00204612985767214,0.005364816660836844
2,10,18,500,30.0,0.002021147627351207,0.005362094488751425
2,10,19,500,30.0,0.0019968731968321453,0.005359624851290406
2,10,20,500,30.0,0.0019732734851469623,0.005357387496921562
2,10,21,500,30.0,0.001950317591853797,0.005355363944902106
2,10,22,500,30.0,0.0019279766061139779,0.005353537281187805
2,10,23,500,30.0,0.0019062234377643318,0.0053518919858949595
2,10,24,500,30.0,0.0018850326670390744,0.005350413786264319
2,10,25,500,30.0,0.001864380410252818,0.005349089530409937
2,10,26,500,30.0,0.0018442441992554276,0.005347907078145451
2,10,27,500,30.0,0.0018246028728552439,0.005346855205952041
2,10,28,500,30.0,0.001805436478708666,0.005345923523745923
2,10,29,500,30.0,0.0017867261844126822,0.0053451024015621525
2,10,0,1000,10.0,0.035792043122443044,0.010748300418711798
2,10,1,1000,10.0,0.023920722099442158,0.010713167730998568
2,10,2,1000,10.0,0.017815744870952985,0.010202602437273908
2,10,3,1000,10.0,0.01443997246892973,0.009613222335494274
2,10,4,1000,10.0,0.01228394819095533,0.009073160445639565
2,10,5,1000,10.0,0.010756532121836708,0.008600687117327192
2,10,6,1000,10.0,0.009604905044760888,0.008189182930288173
2,10,7,1000,10.0,0.008698707906646872,0.00782845868881034
2,10,8,1000,10.0,0.00796269264395199,0.0075093772634803905
2,10,9,1000,10.0,0.007350148967934397,0.007224555140563175
2,10,10,1000,10.0,0.00683047149199541,0.006968181334186427
2,10,11,1000,10.0,0.006382716653707154,0.006735692744382664
2,10,12,1000,10.0,0.0059920251005022495,0.0065234817311088066
2,10,13,1000,10.0,0.00564752715147154,0.00632866651714523
2,10,14,1000,10.0,0.005341061681016727,0.006148918649680749
2,10,15,1000,10.0,0.00506636255420748,0.005982334999893816
2,10,16,1000,10.0,0.00481852474714519,0.005827342800313234
2,10,17,1000,10.0,0.004593643707415033,0.005682628766543235
2,10,18,1000,10.0,0.004388565389581086,0.005547085722367592
2,10,19,1000,10.0,0.004200708977071863,0.005419771993839392
2,10,20,1000,10.0,0.004027938542447003,0.005299880186490992
2,10,21,1000,10.0,0.003868468404691615,0.005186712920050774
2,10,22,1000,10.0,0.0037207921654030703,0.005079663773041215
2,10,23,1000,10.0,0.003583628694179502,0.004978202168230317
2,10,24,1000,10.0,0.0034558804517959216,0.004881861269184524
2,10,25,1000,10.0,0.0033366009332133554,0.004790228200307564
2,10,26,1000,10.0,0.0032249689470016897,0.004702936076929031
2,10,27,1000,10.0,0.0031202680857819057,0.0046196574584142485
2,10,28,1000,10.0,0.003021870185117042,0.004540098929821951
2,10,29,1000,10.0,0.002929221880349353,0.00446399658602821
2,10,0,1000,20.0,0.0025497255241166404,0.003631634676674614
2,10,1,1000,20.0,0.002469076381094005,0.0036730344398608608
2,10,2,1000,20.0,0.0023982680390782357,0.0037073032270244495
2,10,3,1000,20.0,0.0023339486113197042,0.003734304002411978
2,10,4,1000,20.0,0.0022744667216373273,0.00375494748819455
2,10,5,1000,20.0,0.002218842250708958,0.003770309256694032
2,10,6,1000,20.0,0.0021664329655740576,0.0037813797347081898
2,10,7,1000,20.0,0.002116792028136819,0.003789003993117364
2,10,8,1000,20.0,0.0020695935757456254,0.0037938804189224327
2,10,9,1000,20.0,0.002024589630436888,0.003796577003862393
2,10,10,1000,20.0,0.0019815839503299487,0.003797551506114067
2,10,11,1000,20.0,0.0019404157652339327,0.0037971707877478477
2,10,12,1000,20.0,0.001900949468523649,0.0037957278174425447
2,10,13,1000,20.0,0.0018630679563029797,0.003793456020222548
2,10,14,1000,20.0,0.0018266682262310732,0.003790541112943394
2,10,15,1000,20.0,0.0017916583932608158,0.003787130727450545
2,10,16,1000,20.0,0.0017579556065117222,0.0037833421617513153
2,10,17,1000,20.0,0.0017254845490529786,0.003779268584159504
2,10,18,1000,20.0,0.0016941763223573929,0.00377498397848826
2,10,19,1000,20.0,0.001663967590487832,0.0037705470753350255
2,10,20,1000,20.0,0.0016347999041782754,0.0037660044726069517
2,10,21,1000,20.0,0.0016066191529641003,0.0037613931108495748
2,10,22,1000,20.0,0.001579375111068005,0.00375674223674362
2,10,23,1000,20.0,0.0015530210538856391,0.0037520749613360696
2,10,24,1000,20.0,0.0015275134290778701,0.003747409497684903
2,10,25,1000,20.0,0.0015028115709556247,0.003742760144961492
2,10,26,1000,20.0,0.0014788774499503114,0.0037381380719643358
2,10,27,1000,20.0,0.001455675451067008,0.003733551941821377
2,10,28,1000,20.0,0.0014331721766699718,0.0037290084108186706
2,10,29,1000,20.0,0.0014113362699753403,0.003724512527333754
2,10,0,1000,30.0,0.0014504987104519446,0.0017542088496446116
2,10,1,1000,30.0,0.0014246900446276054,0.0017312325171579509
2,10,2,1000,30.0,0.0014024528862303174,0.0017123522482008927
2,10,3,1000,30.0,0.0013823955418827032,0.001696268740601055
2,10,4,1000,30.0,0.0013637637620550179,0.0016821753827870162
2,10,5,1000,30.0,0.0013461362087570283,0.0016695531835935703
2,10,6,1000,30.0,0.0013292693222324995,0.0016580563572812287
2,10,7,1000,30.0,0.0013130165349410593,0.001647446637059593
2,10,8,1000,30.0,0.0012972854121432486,0.0016375545314045138
2,10,9,1000,30.0,0.0012820145109492568,0.0016282558599478919
2,10,10,1000,30.0,0.0012671606581577924,0.0016194571652454713
2,10,11,1000,30.0,0.001252691817038348,0.001611086403223163
2,10,12,1000,30.0,0.0012385829984183393,0.0016030868472568715
2,10,13,1000,30.0,0.0012248138573701071,0.0015954129949058724
2,10,14,1000,30.0,0.0012113672402643983,0.0015880277519572052
2,10,15,1000,30.0,0.0011982282787012899,0.0015809004500198394
2,10,16,1000,30.0,0.0011853838054619098,0.0015740054203736962
2,10,17,1000,30.0,0.0011728219650058251,0.0015673209471251475
2,10,18,1000,30.0,0.0011605319448363693,0.0015608284843978248
2,10,19,1000,30.0,0.0011485037842146187,0.0015545120609403848
2,10,20,1000,30.0,0.0011367282338886522,0.0015483578202243652
2,10,21,1000,30.0,0.0011251966504817886,0.0015423536601794463
2,10,22,1000,30.0,0.0011139009150969424,0.001536488947369878
2,10,23,1000,30.0,0.0011028333692796827,0.0015307542876069299
2,10,24,1000,30.0,0.0010919867637125362,0.0015251413399285645
2,10,25,1000,30.0,0.0010813542164354862,0.001519642664319078
2,10,26,1000,30.0,0.001070929178319706,0.0015142515959806256
2,10,27,1000,30.0,0.0010607054041488425,0.0015089621407191783
2,10,28,1000,30.0,0.0010506769280939484,0.0015037688872841177
2,10,29,1000,30.0,0.0010408380426726897,0.0014986669334411582
